image_path,script,source,source_url,site,inscription_type,image_type,license,split,verified,notes
dataset/whole_inscriptions/brahmi/0010622 Ramgarh hills Puta Sitabhengra and Jogimara Caves Chattisgarh 248.jpg,brahmi,Wikimedia Commons,https://commons.wikimedia.org/wiki/File:0010622_Ramgarh_hills_Puta_Sitabhengra_and_Jogimara_Caves_Chattisgarh_248.jpg,"Ramgarh Hills, Sitabhengra and Jogimara Caves, Chhattisgarh",cave_inscription,whole_inscription,CC BY-SA 4.0,pending,true,Early Brahmi script cave inscription from Sitabhengra / Jogimara Caves.
"dataset/whole_inscriptions/brahmi/00512 Brahmi inscription at Kangra Fort, Himachal Pradesh 001.jpg",brahmi,Wikimedia Commons,"https://commons.wikimedia.org/wiki/File:00512_Brahmi_inscription_at_Kangra_Fort,_Himachal_Pradesh_001.jpg","Kangra Fort, Himachal Pradesh",stone_slab,whole_inscription,CC BY-SA 4.0,pending,true,Brahmi inscription on stone slab at Kangra Fort.
"dataset/whole_inscriptions/brahmi/00512 Brahmi inscription at Kangra Fort, Himachal Pradesh 006.jpg",brahmi,Wikimedia Commons,"https://commons.wikimedia.org/wiki/File:00512_Brahmi_inscription_at_Kangra_Fort,_Himachal_Pradesh_006.jpg","Kangra Fort, Himachal Pradesh",stone_slab,whole_inscription,CC BY-SA 4.0,pending,true,Alternate view of Brahmi inscription on stone slab at Kangra Fort.
dataset/whole_inscriptions/brahmi/024 Brahmi Inscription On-Site.jpg,brahmi,Wikimedia Commons,https://commons.wikimedia.org/wiki/File:024_Brahmi_Inscription_On-Site.jpg,,rock_surface,whole_inscription,,pending,true,On-site Brahmi rock inscription field capture; specific archaeological site unstated in filename.
"dataset/whole_inscriptions/brahmi/059 Cave 17, Inscription (33839378301).jpg",brahmi,Wikimedia Commons,"https://commons.wikimedia.org/wiki/File:059_Cave_17,_Inscription_(33839378301).jpg","Cave 17, Nashik / Ajanta Caves, Maharashtra",cave_inscription,whole_inscription,CC BY-SA 2.0,pending,true,Brahmi donative inscription in Cave 17 recording dedication by Indragnidatta.
"dataset/whole_inscriptions/brahmi/3rd-century BCE Jonnagiri Erragudi Yerragudi Asoka rock edict inscription, Andhra Pradesh India - 106.jpg",brahmi,Wikimedia Commons,"https://commons.wikimedia.org/wiki/File:3rd-century_BCE_Jonnagiri_Erragudi_Yerragudi_Asoka_rock_edict_inscription,_Andhra_Pradesh_India_-_106.jpg","Erragudi (Yerragudi / Jonnagiri), Kurnool district, Andhra Pradesh",rock_edict,whole_inscription,CC BY-SA 4.0,pending,true,Major Rock Edict of Ashoka in 3rd-century BCE Brahmi script.
dataset/whole_inscriptions/brahmi/Brahmi pillar inscription in Sarnath.jpg,brahmi,Wikimedia Commons,https://commons.wikimedia.org/wiki/File:Brahmi_pillar_inscription_in_Sarnath.jpg,"Sarnath, Varanasi, Uttar Pradesh",pillar_edict,whole_inscription,CC BY-SA 3.0,pending,true,Ashoka pillar edict fragment in Brahmi script at Sarnath.
dataset/whole_inscriptions/brahmi/Devanampiyena Piyadasi in the Lumbini Edict of Ashoka.jpg,brahmi,Wikimedia Commons,https://commons.wikimedia.org/wiki/File:Devanampiyena_Piyadasi_in_the_Lumbini_Edict_of_Ashoka.jpg,"Rummindei / Lumbini, Nepal",pillar_edict,whole_inscription,Public Domain,pending,true,Ashokan Brahmi inscription on the Lumbini / Rummindei pillar edict.
dataset/whole_inscriptions/brahmi/Heliodorus pillar inscription.jpg,brahmi,Wikimedia Commons,https://commons.wikimedia.org/wiki/File:Heliodorus_pillar_inscription.jpg,"Vidisha (Bhilsa / Besnagar), Madhya Pradesh",pillar_inscription,whole_inscription,Public Domain / GODL-India,pending,true,Prakrit inscription in Brahmi script on the monolithic pillar of ambassador Heliodorus (c. 113 BCE).
dataset/whole_inscriptions/brahmi/Paderia Pillar.png,brahmi,Wikimedia Commons,https://commons.wikimedia.org/wiki/File:Paderia_Pillar.png,Paderia (Rummindei / Lumbini),pillar_inscription,whole_inscription,Public Domain,pending,true,Facsimile / rubbing reproduction of the Brahmi inscription on the Paderia (Lumbini) Ashoka pillar.
